cust_id,first_name,last_name,company_name,address,city,state,zip
101,James,Butler,,6649 N Blue Gum St,New Orleans,LA,70116
102,Josephine,Darakjy,"Chanay, Jeffrey A Esq",4 B Blue Ridge Blvd,Brighton,MI,48116
103,Art,Venere,,8 W Cerritos Ave #54,Bridgeport,NJ,08014
104,Lenna,Paprocki,Feltz Printing,639 Main St,Anchorage,AK,99501
105,Donette,Foller,Printing Dimensions,34 Center St,Hamilton,OH,45011
106,Simona,Morasca,"Chapman, Ross E Esq",3 Mcauley Dr,Ashland,OH,44805
107,Mitsue,Tollner,Morlong Associates,7 Eads St,Chicago,IL,60632
108,Leota,Dilliard,Commercial Press,7 W Jackson Blvd,San Jose,CA,95111
109,Sage,Wieser,Truhlar And Truhlar Attys,5 Boston Ave #88,Sioux Falls,SD,57105
110,Kris,Marrier,,228 Runamuck Pl #2808,Baltimore,MD,21224
111,Minna,Amigon,"Dorl, James J Esq",2371 Jerrold Ave,Kulpsville,PA,19443
112,Abel,Maclead,Rangoni Of Florence,37275 St  Rt 17m M,Middle Island,NY,11953
113,Kiley,Caldarera,Feiner Bros,25 E 75th St #69,Los Angeles,CA,90034
114,Graciela,Ruta,Buckley Miller & Wright,98 Connecticut Ave Nw,Chagrin Falls,OH,44023
115,Cammy,Albares,"Rousseaux, Michael Esq",56 E Morehead St,Laredo,TX,78045
116,Mattie,Poquette,Century Communications,73 State Road 434 E,Phoenix,AZ,85013
117,Meaghan,Garufi,"Bolton, Wilbur Esq",69734 E Carrillo St,Mc Minnville,TN,37110
118,Gladys,Rim,T M Byxbee Company Pc,322 New Horizon Blvd,Milwaukee,WI,53207
119,Yuki,Whobrey,Farmers Insurance Group,1 State Route 27,Taylor,MI,48180
120,Fletcher,Flosi,Post Box Services Plus,394 Manchester Blvd,Rockford,IL,61109
121,Bette,Nicka,Sport En Art,6 S 33rd St,Aston,PA,19014
122,Veronika,Inouye,C 4 Network Inc,6 Greenleaf Ave,San Jose,CA,95111
123,Willard,Kolmetz,"Ingalls, Donald R Esq",618 W Yakima Ave,Irving,TX,75062
124,Maryann,Royster,"Franklin, Peter L Esq",74 S Westgate St,Albany,NY,12204
125,Alisha,Slusarski,Wtlz Power 107 Fm,3273 State St,Middlesex,NJ,08846
126,Allene,Iturbide,"Ledecky, David Esq",1 Central Ave,Stevens Point,WI,54481
127,Chanel,Caudy,Professional Image Inc,86 Nw 66th St #8673,Shawnee,KS,66218
128,Ezekiel,Chui,"Sider, Donald C Esq",2 Cedar Ave #84,Easton,MD,21601
129,Willow,Kusko,U Pull It,90991 Thorburn Ave,New York,NY,10011
130,Bernardo,Figeroa,"Clark, Richard Cpa",386 9th Ave N,Conroe,TX,77301
131,Ammie,Corrio,,74874 Atlantic Ave,Columbus,OH,43215
132,Francine,Vocelka,Cascade Realty Advisors Inc,366 South Dr,Las Cruces,NM,88011
133,Ernie,Stenseth,Knwz Newsradio,45 E Liberty St,Ridgefield Park,NJ,07660
134,Albina,Glick,"Giampetro, Anthony D",4 Ralph Ct,Dunellen,NJ,08812
135,Alishia,Sergi,Milford Enterprises Inc,2742 Distribution Way,New York,NY,10025
136,Solange,Shinko,"Mosocco, Ronald A",426 Wolf St,Metairie,LA,70002
137,Jose,Stockham,Tri State Refueler Co,128 Bransten Rd,New York,NY,10011
138,Rozella,Ostrosky,Parkway Company,17 Morena Blvd,Camarillo,CA,93012
139,Valentine,Gillian,Fbs Business Finance,775 W 17th St,San Antonio,TX,78204
140,Kati,Rulapaugh,Eder Assocs Consltng Engrs Pc,6980 Dorsett Rd,Abilene,KS,67410
141,Youlanda,Schemmer,Tri M Tool Inc,2881 Lewis Rd,Prineville,OR,97754
142,Dyan,Oldroyd,International Eyelets Inc,7219 Woodfield Rd,Overland Park,KS,66204
143,Roxane,Campain,Rapid Trading Intl,1048 Main St,Fairbanks,AK,99708
144,Lavera,Perin,Abc Enterprises Inc,678 3rd Ave,Miami,FL,33196
145,Erick,Ferencz,Cindy Turner Associates,20 S Babcock St,Fairbanks,AK,99712
146,Fatima,Saylors,,2 Lighthouse Ave,Hopkins,MN,55343
147,Jina,Briddick,Grace Pastries Inc,38938 Park Blvd,Boston,MA,02128
148,Kanisha,Waycott,"Schroer, Gene E Esq",5 Tomahawk Dr,Los Angeles,CA,90006
149,Emerson,Bowley,Knights Inn,762 S Main St,Madison,WI,53711
150,Blair,Malet,Bollinger Mach Shp & Shipyard,209 Decker Dr,Philadelphia,PA,19132
151,Brock,Bolognia,Orinda News,4486 W O St #1,New York,NY,10003
152,Lorrie,Nestle,Ballard Spahr Andrews,39 S 7th St,Tullahoma,TN,37388
153,Sabra,Uyetake,Lowy Limousine Service,98839 Hawthorne Blvd #6101,Columbia,SC,29201
154,Marjory,Mastella,Vicon Corporation,71 San Mateo Ave,Wayne,PA,19087
155,Karl,Klonowski,"Rossi, Michael M",76 Brooks St #9,Flemington,NJ,08822
156,Tonette,Wenner,Northwest Publishing,4545 Courthouse Rd,Westbury,NY,11590
157,Amber,Monarrez,Branford Wire & Mfg Co,14288 Foster Ave #4121,Jenkintown,PA,19046
158,Shenika,Seewald,East Coast Marketing,4 Otis St,Van Nuys,CA,91405
159,Delmy,Ahle,Wye Technologies Inc,65895 S 16th St,Providence,RI,02909
160,Deeanna,Juhas,,14302 Pennsylvania Ave,Huntingdon Valley,PA,19006
161,Blondell,Pugh,Alpenlite Inc,201 Hawk Ct,Providence,RI,02904
162,Jamal,Vanausdal,"Hubbard, Bruce Esq",53075 Sw 152nd Ter #615,Monroe Township,NJ,08831
163,Cecily,Hollack,Arthur A Oliver & Son Inc,59 N Groesbeck Hwy,Austin,TX,78731
164,Carmelina,Lindall,George Jessop Carter Jewelers,2664 Lewis Rd,Littleton,CO,80126
165,Maurine,Yglesias,"Schultz, Thomas C Md",59 Shady Ln #53,Milwaukee,WI,53214
166,Tawna,Buvens,H H H Enterprises Inc,3305 Nabell Ave #679,New York,NY,10009
167,Penney,Weight,Hawaiian King Hotel,18 Fountain St,Anchorage,AK,99515
168,Elly,Morocco,Killion Industries,7 W 32nd St,Erie,PA,16502
169,Ilene,Eroman,"Robinson, William J Esq",2853 S Central Expy,Glen Burnie,MD,21061
170,Vallie,Mondella,Private Properties,74 W College St,Boise,ID,83707
171,Kallie,Blackwood,Rowley Schlimgen Inc,701 S Harrison Rd,San Francisco,CA,94104
172,Johnetta,Abdallah,Forging Specialties,1088 Pinehurst St,Chapel Hill,NC,27514
173,Bobbye,Rhym,"Smits, Patricia Garity",30 W 80th St #1995,San Carlos,CA,94070
174,Micaela,Rhymes,H Lee Leonard Attorney At Law,20932 Hedley St,Concord,CA,94520
175,Tamar,Hoogland,A K Construction Co,2737 Pistorio Rd #9230,London,OH,43140
176,Moon,Parlato,"Ambelang, Jessica M Md",74989 Brandon St,Wellsville,NY,14895
177,Laurel,Reitler,Q A Service,6 Kains Ave,Baltimore,MD,21215
178,Delisa,Crupi,Wood & Whitacre Contractors,47565 W Grand Ave,Newark,NJ,07105
179,Viva,Toelkes,Mark Iv Press Ltd,4284 Dorigo Ln,Chicago,IL,60647
180,Elza,Lipke,Museum Of Science & Industry,6794 Lake Dr E,Newark,NJ,07104
181,Devorah,Chickering,Garrison Ind,31 Douglas Blvd #950,Clovis,NM,88101
182,Timothy,Mulqueen,Saronix Nymph Products,44 W 4th St,Staten Island,NY,10309
183,Arlette,Honeywell,Smc Inc,11279 Loytan St,Jacksonville,FL,32254
184,Dominque,Dickerson,E A I Electronic Assocs Inc,69 Marquette Ave,Hayward,CA,94545
185,Lettie,Isenhower,"Conte, Christopher A Esq",70 W Main St,Beachwood,OH,44122
186,Myra,Munns,Anker Law Office,461 Prospect Pl #316,Euless,TX,76040
187,Stephaine,Barfield,Beutelschies & Company,47154 Whipple Ave Nw,Gardena,CA,90247
188,Lai,Gato,"Fligg, Kenneth I Jr",37 Alabama Ave,Evanston,IL,60201
189,Stephen,Emigh,"Sharp, J Daniel Esq",3777 E Richmond St #900,Akron,OH,44302
190,Tyra,Shields,"Assink, Anne H Esq",3 Fort Worth Ave,Philadelphia,PA,19106
191,Tammara,Wardrip,Jewel My Shop Inc,4800 Black Horse Pike,Burlingame,CA,94010
192,Cory,Gibes,Chinese Translation Resources,83649 W Belmont Ave,San Gabriel,CA,91776
193,Danica,Bruschke,"Stevens, Charles T",840 15th Ave,Waco,TX,76708
194,Wilda,Giguere,"Mclaughlin, Luther W Cpa",1747 Calle Amanecer #2,Anchorage,AK,99501
195,Elvera,Benimadho,Tree Musketeers,99385 Charity St #840,San Jose,CA,95110
196,Carma,Vanheusen,Springfield Div Oh Edison Co,68556 Central Hwy,San Leandro,CA,94577
197,Malinda,Hochard,Logan Memorial Hospital,55 Riverside Ave,Indianapolis,IN,46202
198,Natalie,Fern,"Kelly, Charles G Esq",7140 University Ave,Rock Springs,WY,82901
199,Lisha,Centini,Industrial Paper Shredders Inc,64 5th Ave #1153,Mc Lean,VA,22102
200,Arlene,Klusman,Beck Horizon Builders,3 Secor Rd,New Orleans,LA,70112
201,Alease,Buemi,Porto Cayo At Hawks Cay,4 Webbs Chapel Rd,Boulder,CO,80303
202,Louisa,Cronauer,Pacific Grove Museum Ntrl Hist,524 Louisiana Ave Nw,San Leandro,CA,94577
203,Angella,Cetta,Bender & Hatley Pc,185 Blackstone Bldge,Honolulu,HI,96817
204,Cyndy,Goldammer,Di Cristina J & Son,170 Wyoming Ave,Burnsville,MN,55337
205,Rosio,Cork,Green Goddess,4 10th St W,High Point,NC,27263
206,Celeste,Korando,American Arts & Graphics,7 W Pinhook Rd,Lynbrook,NY,11563
207,Twana,Felger,Opryland Hotel,1 Commerce Way,Portland,OR,97224
208,Estrella,Samu,Marking Devices Pubg Co,64 Lakeview Ave,Beloit,WI,53511
209,Donte,Kines,W Tc Industries Inc,3 Aspen St,Worcester,MA,01602
210,Tiffiny,Steffensmeier,Whitehall Robbins Labs Divsn,32860 Sierra Rd,Miami,FL,33133
211,Edna,Miceli,Sampler,555 Main St,Erie,PA,16502
212,Sue,Kownacki,Juno Chefs Incorporated,2 Se 3rd Ave,Mesquite,TX,75149
213,Jesusa,Shin,"Carroccio, A Thomas Esq",2239 Shawnee Mission Pky,Tullahoma,TN,37388
214,Rolland,Francescon,"Stanley, Richard L Esq",2726 Charcot Ave,Paterson,NJ,07501
215,Pamella,Schmierer,K Cs Cstm Mouldings Windows,5161 Dorsett Rd,Homestead,FL,33030
216,Glory,Kulzer,Comfort Inn,55892 Jacksonville Rd,Owings Mills,MD,21117
217,Shawna,Palaspas,,5 N Cleveland Massillon Rd,Thousand Oaks,CA,91362
218,Brandon,Callaro,Jackson Shields Yeiser,7 Benton Dr,Honolulu,HI,96819
219,Scarlet,Cartan,"Box, J Calvin Esq",9390 S Howell Ave,Albany,GA,31701
220,Oretha,Menter,Custom Engineering Inc,8 County Center Dr #647,Boston,MA,02210
221,Ty,Smith,Bresler Eitel Framg Gllry Ltd,4646 Kaahumanu St,Hackensack,NJ,07601
222,Xuan,Rochin,"Carol, Drake Sparks Esq",2 Monroe St,San Mateo,CA,94403
223,Lindsey,Dilello,Biltmore Investors Bank,52777 Leaders Heights Rd,Ontario,CA,91761
224,Devora,Perez,Desco Equipment Corp,72868 Blackington Ave,Oakland,CA,94606
225,Herman,Demesa,Merlin Electric Co,9 Norristown Rd,Troy,NY,12180
226,Rory,Papasergi,Bailey Cntl Co Div Babcock,83 County Road 437 #8581,Clarks Summit,PA,18411
227,Talia,Riopelle,Ford Brothers Wholesale Inc,1 N Harlem Ave #9,Orange,NJ,07050
228,Van,Shire,Cambridge Inn,90131 J St,Pittstown,NJ,08867
229,Lucina,Lary,"Matricciani, Albert J Jr",8597 W National Ave,Cocoa,FL,32922
230,Bok,Isaacs,Nelson Hawaiian Ltd,6 Gilson St,Bronx,NY,10468
231,Rolande,Spickerman,Neland Travel Agency,65 W Maple Ave,Pearl City,HI,96782
232,Howard,Paulas,"Asendorf, J Alan Esq",866 34th Ave,Denver,CO,80231
233,Kimbery,Madarang,"Silberman, Arthur L Esq",798 Lund Farm Way,Rockaway,NJ,07866
234,Thurman,Manno,Honey Bee Breeding Genetics &,9387 Charcot Ave,Absecon,NJ,08201
235,Becky,Mirafuentes,Wells Kravitz Schnitzer,30553 Washington Rd,Plainfield,NJ,07062
236,Beatriz,Corrington,Prohab Rehabilitation Servs,481 W Lemon St,Middleboro,MA,02346
237,Marti,Maybury,,4 Warehouse Point Rd #7,Chicago,IL,60638
238,Nieves,Gotter,"Vlahos, John J Esq",4940 Pulaski Park Dr,Portland,OR,97202
239,Leatha,Hagele,Ninas Indian Grs & Videos,627 Walford Ave,Dallas,TX,75227
240,Valentin,Klimek,"Schmid, Gayanne K Esq",137 Pioneer Way,Chicago,IL,60604
241,Melissa,Wiklund,Moapa Valley Federal Credit Un,61 13 Stoneridge #835,Findlay,OH,45840
242,Sheridan,Zane,Kentucky Tennessee Clay Co,2409 Alabama Rd,Riverside,CA,92501
243,Bulah,Padilla,Admiral Party Rentals & Sales,8927 Vandever Ave,Waco,TX,76707
244,Audra,Kohnert,"Nelson, Karolyn King Esq",134 Lewis Rd,Nashville,TN,37211
245,Daren,Weirather,Panasystems,9 N College Ave #3,Milwaukee,WI,53216
246,Fernanda,Jillson,"Shank, Edward L Esq",60480 Old Us Highway 51,Preston,MD,21655
247,Gearldine,Gellinger,Megibow & Edwards,4 Bloomfield Ave,Irving,TX,75061
248,Chau,Kitzman,"Benoff, Edward Esq",429 Tiger Ln,Beverly Hills,CA,90212
249,Theola,Frey,Woodbridge Free Public Library,54169 N Main St,Massapequa,NY,11758
250,Cheryl,Haroldson,New York Life John Thune,92 Main St,Atlantic City,NJ,08401
251,Laticia,Merced,Alinabal Inc,72 Mannix Dr,Cincinnati,OH,45203
252,Carissa,Batman,"Poletto, Kim David Esq",12270 Caton Center Dr,Eugene,OR,97401
253,Lezlie,Craghead,"Chang, Carolyn Esq",749 W 18th St #45,Smithfield,NC,27577
254,Ozell,Shealy,Silver Bros Inc,8 Industry Ln,New York,NY,10002
255,Arminda,Parvis,Newtec Inc,1 Huntwood Ave,Phoenix,AZ,85017
256,Reita,Leto,Creative Business Systems,55262 N French Rd,Indianapolis,IN,46240
257,Yolando,Luczki,Dal Tile Corporation,422 E 21st St,Syracuse,NY,13214
258,Lizette,Stem,Edward S Katz,501 N 19th Ave,Cherry Hill,NJ,08002
259,Gregoria,Pawlowicz,Oh My Goodknits Inc,455 N Main Ave,Garden City,NY,11530
260,Carin,Deleo,"Redeker, Debbie",1844 Southern Blvd,Little Rock,AR,72202
261,Chantell,Maynerich,Desert Sands Motel,2023 Greg St,Saint Paul,MN,55101
262,Dierdre,Yum,Cummins Southern Plains Inc,63381 Jenks Ave,Philadelphia,PA,19134
263,Larae,Gudroe,Lehigh Furn Divsn Lehigh,6651 Municipal Rd,Houma,LA,70360
264,Latrice,Tolfree,United Van Lines Agent,81 Norris Ave #525,Ronkonkoma,NY,11779
265,Kerry,Theodorov,Capitol Reporters,6916 W Main St,Sacramento,CA,95827
266,Dorthy,Hidvegi,Kwik Kopy Printing,9635 S Main St,Boise,ID,83704
267,Fannie,Lungren,Centro Inc,17 Us Highway 111,Round Rock,TX,78664
268,Evangelina,Radde,"Campbell, Jan Esq",992 Civic Center Dr,Philadelphia,PA,19123
269,Novella,Degroot,"Evans, C Kelly Esq",303 N Radcliffe St,Hilo,HI,96720
270,Clay,Hoa,Scat Enterprises,73 Saint Ann St #86,Reno,NV,89502
271,Jennifer,Fallick,"Nagle, Daniel J Esq",44 58th St,Wheeling,IL,60090
272,Irma,Wolfgramm,Serendiquity Bed & Breakfast,9745 W Main St,Randolph,NJ,07869
273,Eun,Coody,Ray Carolyne Realty,84 Bloomfield Ave,Spartanburg,SC,29301
274,Sylvia,Cousey,"Berg, Charles E",287 Youngstown Warren Rd,Hampstead,MD,21074
275,Nana,Wrinkles,"Ray, Milbern D",6 Van Buren St,Mount Vernon,NY,10553
276,Layla,Springe,Chadds Ford Winery,229 N Forty Driv,New York,NY,10011
277,Joesph,Degonia,A R Packaging,2887 Knowlton St #5435,Berkeley,CA,94710
278,Annabelle,Boord,Corn Popper,523 Marquette Ave,Concord,MA,01742
279,Stephaine,Vinning,Birite Foodservice Distr,3717 Hamann Industrial Pky,San Francisco,CA,94104
280,Nelida,Sawchuk,Anchorage Museum Of Hist & Art,3 State Route 35 S,Paramus,NJ,07652
281,Marguerita,Hiatt,"Haber, George D Md",82 N Highway 67,Oakley,CA,94561
282,Carmela,Cookey,Royal Pontiac Olds Inc,9 Murfreesboro Rd,Chicago,IL,60623
283,Junita,Brideau,Leonards Antiques Inc,6 S Broadway St,Cedar Grove,NJ,07009
284,Claribel,Varriano,Meca,6 Harry L Dr #6327,Perrysburg,OH,43551
285,Benton,Skursky,Nercon Engineering & Mfg Inc,47939 Porter Ave,Gardena,CA,90248
286,Hillary,Skulski,Replica I,9 Wales Rd Ne #914,Homosassa,FL,34448
287,Merilyn,Bayless,20 20 Printing Inc,195 13n N,Santa Clara,CA,95054
288,Teri,Ennaco,Publishers Group West,99 Tank Farm Rd,Hazleton,PA,18201
289,Merlyn,Lawler,"Nischwitz, Jeffrey L Esq",4671 Alemany Blvd,Jersey City,NJ,07304
290,Georgene,Montezuma,Payne Blades & Wellborn Pa,98 University Dr,San Ramon,CA,94583
291,Jettie,Mconnell,Coldwell Bnkr Wright Real Est,50 E Wacker Dr,Bridgewater,NJ,08807
292,Lemuel,Latzke,Computer Repair Service,70 Euclid Ave #722,Bohemia,NY,11716
293,Melodie,Knipp,Fleetwood Building Block Inc,326 E Main St #6496,Thousand Oaks,CA,91362
294,Candida,Corbley,Colts Neck Medical Assocs Inc,406 Main St,Somerville,NJ,08876
295,Karan,Karpin,New England Taxidermy,3 Elmwood Dr,Beaverton,OR,97005
296,Andra,Scheyer,"Ludcke, George O Esq",9 Church St,Salem,OR,97302
297,Felicidad,Poullion,,9939 N 14th St,Riverton,NJ,08077
298,Belen,Strassner,Eagle Software Inc,5384 Southwyck Blvd,Douglasville,GA,30135
299,Gracia,Melnyk,Juvenile & Adult Super,97 Airport Loop Dr,Jacksonville,FL,32216
300,Jolanda,Hanafan,"Perez, Joseph J Esq",37855 Nolan Rd,Bangor,ME,04401
301,Barrett,Toyama,Case Foundation Co,4252 N Washington Ave #9,Kennedale,TX,76060
302,Helga,Fredicks,Eis Environmental Engrs Inc,42754 S Ash Ave,Buffalo,NY,14228
303,Ashlyn,Pinilla,Art Crafters,703 Beville Rd,Opa Locka,FL,33054
304,Fausto,Agramonte,Marriott Hotels Resorts Suites,5 Harrison Rd,New York,NY,10038
305,Ronny,Caiafa,Remaco Inc,73 Southern Blvd,Philadelphia,PA,19103
306,Marge,Limmel,"Bjork, Robert D Jr",189 Village Park Rd,Crestview,FL,32536
307,Norah,Waymire,"Carmichael, Jeffery L Esq",6 Middlegate Rd #106,San Francisco,CA,94107
308,Aliza,Baltimore,"Andrews, J Robert Esq",1128 Delaware St,San Jose,CA,95132
309,Mozell,Pelkowski,Winship & Byrne,577 Parade St,South San Francisco,CA,94080
310,Viola,Bitsuie,Burton & Davis,70 Mechanic St,Northridge,CA,91325
311,Franklyn,Emard,Olympic Graphic Arts,4379 Highway 116,Philadelphia,PA,19103
312,Willodean,Konopacki,Magnuson,55 Hawthorne Blvd,Lafayette,LA,70506
313,Beckie,Silvestrini,A All American Travel Inc,7116 Western Ave,Dearborn,MI,48126
314,Rebecka,Gesick,Polykote Inc,2026 N Plankinton Ave #3,Austin,TX,78754
315,Frederica,Blunk,Jets Cybernetics,99586 Main St,Dallas,TX,75207
316,Glen,Bartolet,Metlab Testing Services,8739 Hudson St,Vashon,WA,98070
317,Freeman,Gochal,"Kellermann, William T Esq",383 Gunderman Rd #197,Coatesville,PA,19320
318,Vincent,Meinerding,"Arturi, Peter D Esq",4441 Point Term Mkt,Philadelphia,PA,19143
319,Rima,Bevelacqua,Mcauley Mfg Co,2972 Lafayette Ave,Gardena,CA,90248
320,Glendora,Sarbacher,Defur Voran Hanley Radcliff,2140 Diamond Blvd,Rohnert Park,CA,94928
321,Avery,Steier,Dill Dill Carr & Stonbraker Pc,93 Redmond Rd #492,Orlando,FL,32803
322,Cristy,Lother,Kleensteel,3989 Portage Tr,Escondido,CA,92025
323,Nicolette,Brossart,Goulds Pumps Inc Slurry Pump,1 Midway Rd,Westborough,MA,01581
324,Tracey,Modzelewski,Kansas City Insurance Report,77132 Coon Rapids Blvd Nw,Conroe,TX,77301
325,Virgina,Tegarden,Berhanu International Foods,755 Harbor Way,Milwaukee,WI,53226
326,Tiera,Frankel,Roland Ashcroft,87 Sierra Rd,El Monte,CA,91731
327,Alaine,Bergesen,Hispanic Magazine,7667 S Hulen St #42,Yonkers,NY,10701
328,Earleen,Mai,Little Sheet Metal Co,75684 S Withlapopka Dr #32,Dallas,TX,75227
329,Leonida,Gobern,"Holmes, Armstead J Esq",5 Elmwood Park Blvd,Biloxi,MS,39530
330,Ressie,Auffrey,"Faw, James C Cpa",23 Palo Alto Sq,Miami,FL,33134
331,Justine,Mugnolo,Evans Rule Company,38062 E Main St,New York,NY,10048
332,Eladia,Saulter,Tyee Productions Inc,3958 S Dupont Hwy #7,Ramsey,NJ,07446
333,Chaya,Malvin,Dunnells & Duvall,560 Civic Center Dr,Ann Arbor,MI,48103
334,Gwenn,Suffield,Deltam Systems Inc,3270 Dequindre Rd,Deer Park,NY,11729
335,Salena,Karpel,Hammill Mfg Co,1 Garfield Ave #7,Canton,OH,44707
336,Yoko,Fishburne,Sams Corner Store,9122 Carpenter Ave,New Haven,CT,06511
337,Taryn,Moyd,"Siskin, Mark J Esq",48 Lenox St,Fairfax,VA,22030
338,Katina,Polidori,Cape & Associates Real Estate,5 Little River Tpke,Wilmington,MA,01887
339,Rickie,Plumer,Merrill Lynch,3 N Groesbeck Hwy,Toledo,OH,43613
340,Alex,Loader,"Sublett, Scott Esq",37 N Elm St #916,Tacoma,WA,98409
341,Lashon,Vizarro,Sentry Signs,433 Westminster Blvd #590,Roseville,CA,95661
342,Lauran,Burnard,Professionals Unlimited,66697 Park Pl #3224,Riverton,WY,82501
343,Ceola,Setter,Southern Steel Shelving Co,96263 Greenwood Pl,Warren,ME,04864
344,My,Rantanen,"Bosco, Paul J",8 Mcarthur Ln,Richboro,PA,18954
345,Lorrine,Worlds,"Longo, Nicholas J Esq",8 Fair Lawn Ave,Tampa,FL,33614
346,Peggie,Sturiale,Henry County Middle School,9 N 14th St,El Cajon,CA,92020
347,Marvel,Raymo,Edison Supply & Equipment Co,9 Vanowen St,College Station,TX,77840
348,Daron,Dinos,"Wolf, Warren R Esq",18 Waterloo Geneva Rd,Highland Park,IL,60035
349,An,Fritz,Linguistic Systems Inc,506 S Hacienda Dr,Atlantic City,NJ,08401
350,Portia,Stimmel,Peace Christian Center,3732 Sherman Ave,Bridgewater,NJ,08807
351,Rhea,Aredondo,Double B Foods Inc,25657 Live Oak St,Brooklyn,NY,11226
352,Benedict,Sama,Alexander & Alexander Inc,4923 Carey Ave,Saint Louis,MO,63104
353,Alyce,Arias,Fairbanks Scales,3196 S Rider Trl,Stockton,CA,95207
354,Heike,Berganza,Cali Sportswear Cutting Dept,3 Railway Ave #75,Little Falls,NJ,07424
355,Carey,Dopico,,87393 E Highland Rd,Indianapolis,IN,46220
356,Dottie,Hellickson,Thompson Fabricating Co,67 E Chestnut Hill Rd,Seattle,WA,98133
357,Deandrea,Hughey,Century 21 Krall Real Estate,33 Lewis Rd #46,Burlington,NC,27215
358,Kimberlie,Duenas,Mid Contntl Rlty & Prop Mgmt,8100 Jacksonville Rd #7,Hays,KS,67601
359,Martina,Staback,Ace Signs Inc,7 W Wabansia Ave #227,Orlando,FL,32822
360,Skye,Fillingim,Rodeway Inn,25 Minters Chapel Rd #9,Minneapolis,MN,55401
361,Jade,Farrar,Bonnet & Daughter,6882 Torresdale Ave,Columbia,SC,29201
362,Charlene,Hamilton,Oshins & Gibbons,985 E 6th Ave,Santa Rosa,CA,95407
363,Geoffrey,Acey,Price Business Services,7 West Ave #1,Palatine,IL,60067
364,Stevie,Westerbeck,"Wise, Dennis W Md",26659 N 13th St,Costa Mesa,CA,92626
365,Pamella,Fortino,Super 8 Motel,669 Packerland Dr #1438,Denver,CO,80212
366,Harrison,Haufler,John Wagner Associates,759 Eldora St,New Haven,CT,06515
367,Johnna,Engelberg,Thrifty Oil Co,5 S Colorado Blvd #449,Bothell,WA,98021
368,Buddy,Cloney,Larkfield Photo,944 Gaither Dr,Strongsville,OH,44136
369,Dalene,Riden,Silverman Planetarium,66552 Malone Rd,Plaistow,NH,03865
370,Jerry,Zurcher,J & F Lumber,77 Massillon Rd #822,Satellite Beach,FL,32937
371,Haydee,Denooyer,Cleaning Station Inc,25346 New Rd,New York,NY,10016
372,Joseph,Cryer,Ames Stationers,60 Fillmore Ave,Huntington Beach,CA,92647
373,Deonna,Kippley,Midas Muffler Shops,57 Haven Ave #90,Southfield,MI,48075
374,Raymon,Calvaresi,Seaboard Securities Inc,6538 E Pomona St #60,Indianapolis,IN,46222
375,Alecia,Bubash,"Petersen, James E Esq",6535 Joyce St,Wichita Falls,TX,76301
376,Ma,Layous,Development Authority,78112 Morris Ave,North Haven,CT,06473
377,Detra,Coyier,Schott Fiber Optics Inc,96950 Hidden Ln,Aberdeen,MD,21001
378,Terrilyn,Rodeigues,Stuart J Agins,3718 S Main St,New Orleans,LA,70130
379,Salome,Lacovara,Mitsumi Electronics Corp,9677 Commerce Dr,Richmond,VA,23219
380,Garry,Keetch,Italian Express Franchise Corp,5 Green Pond Rd #4,Southampton,PA,18966
381,Matthew,Neither,American Council On Sci & Hlth,636 Commerce Dr #42,Shakopee,MN,55379
382,Theodora,Restrepo,"Kleri, Patricia S Esq",42744 Hamann Industrial Pky #82,Miami,FL,33136
383,Noah,Kalafatis,Twiggs Abrams Blanchard,1950 5th Ave,Milwaukee,WI,53209
384,Carmen,Sweigard,Maui Research & Technology Pk,61304 N French Rd,Somerset,NJ,08873
385,Lavonda,Hengel,Bradley Nameplate Corp,87 Imperial Ct #79,Fargo,ND,58102
386,Junita,Stoltzman,Geonex Martel Inc,94 W Dodge Rd,Carson City,NV,89701
387,Herminia,Nicolozakes,Sea Island Div Of Fstr Ind Inc,4 58th St #3519,Scottsdale,AZ,85254
388,Casie,Good,"Papay, Debbie J Esq",5221 Bear Valley Rd,Nashville,TN,37211
389,Reena,Maisto,Lane Promotions,9648 S Main,Salisbury,MD,21801
390,Mirta,Mallett,Stephen Kennerly Archts Inc Pc,7 S San Marcos Rd,New York,NY,10004
391,Cathrine,Pontoriero,Business Systems Of Wis Inc,812 S Haven St,Amarillo,TX,79109
392,Filiberto,Tawil,"Flash, Elena Salerno Esq",3882 W Congress St #799,Los Angeles,CA,90016
393,Raul,Upthegrove,"Neeley, Gregory W Esq",4 E Colonial Dr,La Mesa,CA,91942
394,Sarah,Candlish,Alabama Educational Tv Comm,45 2nd Ave #9759,Atlanta,GA,30328
395,Lucy,Treston,Franz Inc,57254 Brickell Ave #372,Worcester,MA,01602
396,Judy,Aquas,Plantation Restaurant,8977 Connecticut Ave Nw #3,Niles,MI,49120
397,Yvonne,Tjepkema,Radio Communications Co,9 Waydell St,Fairfield,NJ,07004
398,Kayleigh,Lace,Dentalaw Divsn Hlth Care,43 Huey P Long Ave,Lafayette,LA,70508
399,Felix,Hirpara,American Speedy Printing Ctrs,7563 Cornwall Rd #4462,Denver,PA,17517
400,Tresa,Sweely,"Grayson, Grant S Esq",22 Bridle Ln,Valley Park,MO,63088
401,Kristeen,Turinetti,Jeanerette Middle School,70099 E North Ave,Arlington,TX,76013
402,Jenelle,Regusters,"Haavisto, Brian F Esq",3211 E Northeast Loop,Tampa,FL,33619
403,Renea,Monterrubio,Wmmt Radio Station,26 Montgomery St,Atlanta,GA,30328
404,Olive,Matuszak,Colony Paints Sales Ofc & Plnt,13252 Lighthouse Ave,Cathedral City,CA,92234
405,Ligia,Reiber,Floral Expressions,206 Main St #2804,Lansing,MI,48933
406,Christiane,Eschberger,Casco Services Inc,96541 W Central Blvd,Phoenix,AZ,85034
407,Goldie,Schirpke,"Reuter, Arthur C Jr",34 Saint George Ave #2,Bangor,ME,04401
408,Loreta,Timenez,"Kaminski, Katherine Andritsaki",47857 Coney Island Ave,Clinton,MD,20735
409,Fabiola,Hauenstein,Sidewinder Products Corp,8573 Lincoln Blvd,York,PA,17404
410,Amie,Perigo,General Foam Corporation,596 Santa Maria Ave #7913,Mesquite,TX,75150
411,Raina,Brachle,Ikg Borden Divsn Harsco Corp,3829 Ventura Blvd,Butte,MT,59701
412,Erinn,Canlas,Anchor Computer Inc,13 S Hacienda Dr,Livingston,NJ,07039
413,Cherry,Lietz,Sebring & Co,40 9th Ave Sw #91,Waterford,MI,48329
414,Kattie,Vonasek,,2845 Boulder Crescent St,Cleveland,OH,44103
415,Lilli,Scriven,"Hunter, John J Esq",33 State St,Abilene,TX,79601
416,Whitley,Tomasulo,Freehold Fence Co,2 S 15th St,Fort Worth,TX,76107
417,Barbra,Adkin,Binswanger,4 Kohler Memorial Dr,Brooklyn,NY,11230
418,Hermila,Thyberg,Chilton Malting Co,1 Rancho Del Mar Shopping C,Providence,RI,02903
419,Jesusita,Flister,"Schoen, Edward J Jr",3943 N Highland Ave,Lancaster,PA,17601
420,Caitlin,Julia,"Helderman, Seymour Cpa",5 Williams St,Johnston,RI,02919
421,Roosevelt,Hoffis,"Denbrook, Myron",60 Old Dover Rd,Hialeah,FL,33014
422,Helaine,Halter,"Lippitt, Mike",8 Sheridan Rd,Jersey City,NJ,07304
423,Lorean,Martabano,"Hiram, Hogg P Esq",85092 Southern Blvd,San Antonio,TX,78204
424,France,Buzick,In Travel Agency,64 Newman Springs Rd E,Brooklyn,NY,11219
425,Justine,Ferrario,Newhart Foods Inc,48 Stratford Ave,Pomona,CA,91768
426,Adelina,Nabours,Courtyard By Marriott,80 Pittsford Victor Rd #9,Cleveland,OH,44103
427,Derick,Dhamer,"Studer, Eugene A Esq",87163 N Main Ave,New York,NY,10013
428,Jerry,Dallen,Seashore Supply Co Waretown,393 Lafayette Ave,Richmond,VA,23219
429,Leota,Ragel,Mayar Silk Inc,99 5th Ave #33,Trion,GA,30753
430,Jutta,Amyot,National Medical Excess Corp,49 N Mays St,Broussard,LA,70518
431,Aja,Gehrett,Stero Company,993 Washington Ave,Nutley,NJ,07110
432,Kirk,Herritt,"Hasting, H Duane Esq",88 15th Ave Ne,Vestal,NY,13850
433,Leonora,Mauson,Insty Prints,3381 E 40th Ave,Passaic,NJ,07055
434,Winfred,Brucato,Glenridge Manor Mobile Home Pk,201 Ridgewood Rd,Moscow,ID,83843
435,Tarra,Nachor,Circuit Solution Inc,39 Moccasin Dr,San Francisco,CA,94104
436,Corinne,Loder,Local Office,4 Carroll St,North Attleboro,MA,02760
437,Dulce,Labreche,Lee Kilkelly Paulson & Kabaker,9581 E Arapahoe Rd,Rochester,MI,48307
438,Kate,Keneipp,"Davis, Maxon R Esq",33 N Michigan Ave,Green Bay,WI,54301
439,Kaitlyn,Ogg,"Garrison, Paul E Esq",2 S Biscayne Blvd,Baltimore,MD,21230
440,Sherita,Saras,Black History Resource Center,8 Us Highway 22,Colorado Springs,CO,80937
441,Lashawnda,Stuer,"Rodriguez, J Christopher Esq",7422 Martin Ave #8,Toledo,OH,43607
442,Ernest,Syrop,Grant Family Health Center,94 Chase Rd,Hyattsville,MD,20785
443,Nobuko,Halsey,Goeman Wood Products Inc,8139 I Hwy 10 #92,New Bedford,MA,02745
444,Lavonna,Wolny,"Linhares, Kenneth A Esq",5 Cabot Rd,Mc Lean,VA,22102
445,Lashaunda,Lizama,Earnhardt Printing,3387 Ryan Dr,Hanover,MD,21076
446,Mariann,Bilden,H P G Industrys Inc,3125 Packer Ave #9851,Austin,TX,78753
447,Helene,Rodenberger,Bailey Transportation Prod Inc,347 Chestnut St,Peoria,AZ,85381
448,Roselle,Estell,Mcglynn Bliss Pc,8116 Mount Vernon Ave,Bucyrus,OH,44820
449,Samira,Heintzman,Mutual Fish Co,8772 Old County Rd #5410,Kent,WA,98032
450,Margart,Meisel,"Yeates, Arthur L Aia",868 State St #38,Cincinnati,OH,45251
451,Kristofer,Bennick,"Logan, Ronald J Esq",772 W River Dr,Bloomington,IN,47404
452,Weldon,Acuff,Advantage Martgage Company,73 W Barstow Ave,Arlington Heights,IL,60004
453,Shalon,Shadrick,Germer And Gertz Llp,61047 Mayfield Ave,Brooklyn,NY,11223
454,Denise,Patak,Spence Law Offices,2139 Santa Rosa Ave,Orlando,FL,32801
455,Louvenia,Beech,John Ortiz Nts Therapy Center,598 43rd St,Beverly Hills,CA,90210
456,Audry,Yaw,Mike Uchrin Htg & Air Cond Inc,70295 Pioneer Ct,Brandon,FL,33511
457,Kristel,Ehmann,"Mccoy, Joy Reynolds Esq",92899 Kalakaua Ave,El Paso,TX,79925
458,Vincenza,Zepp,Kbor 1600 Am,395 S 6th St #2,El Cajon,CA,92020
459,Elouise,Gwalthney,Quality Inn Northwest,9506 Edgemore Ave,Bladensburg,MD,20710
460,Venita,Maillard,Wallace Church Assoc Inc,72119 S Walker Ave #63,Anaheim,CA,92801
461,Kasandra,Semidey,Can Tron,369 Latham St #500,Saint Louis,MO,63102
462,Xochitl,Discipio,Ravaal Enterprises Inc,3158 Runamuck Pl,Round Rock,TX,78664
463,Maile,Linahan,Thompson Steel Company Inc,9 Plainsboro Rd #598,Greensboro,NC,27409
464,Krissy,Rauser,"Anderson, Mark A Esq",8728 S Broad St,Coram,NY,11727
465,Pete,Dubaldi,Womack & Galich,2215 Prosperity Dr,Lyndhurst,NJ,07071
466,Linn,Paa,Valerie & Company,1 S Pine St,Memphis,TN,38112
467,Paris,Wide,Gehring Pumps Inc,187 Market St,Atlanta,GA,30342
468,Wynell,Dorshorst,"Haehnel, Craig W Esq",94290 S Buchanan St,Pacifica,CA,94044
469,Quentin,Birkner,Spoor Behrins Campbell & Young,7061 N 2nd St,Burnsville,MN,55337
470,Regenia,Kannady,Ken Jeter Store Equipment Inc,10759 Main St,Scottsdale,AZ,85260
471,Sheron,Louissant,"Potter, Brenda J Cpa",97 E 3rd St #9,Long Island City,NY,11101
472,Izetta,Funnell,Baird Kurtz & Dobson,82 Winsor St #54,Atlanta,GA,30340
473,Rodolfo,Butzen,"Minor, Cynthia A Esq",41 Steel Ct,Northfield,MN,55057
474,Zona,Colla,"Solove, Robert A Esq",49440 Dearborn St,Norwalk,CT,06854
475,Serina,Zagen,Mark Ii Imports Inc,7 S Beverly Dr,Fort Wayne,IN,46802
476,Paz,Sahagun,White Sign Div Ctrl Equip Co,919 Wall Blvd,Meridian,MS,39307
477,Markus,Lukasik,M & M Store Fixtures Co Inc,89 20th St E #779,Sterling Heights,MI,48310
478,Jaclyn,Bachman,Judah Caster & Wheel Co,721 Interstate 45 S,Colorado Springs,CO,80919
479,Cyril,Daufeldt,Galaxy International Inc,3 Lawton St,New York,NY,10013
480,Gayla,Schnitzler,Sigma Corp Of America,38 Pleasant Hill Rd,Hayward,CA,94545
481,Erick,Nievas,"Soward, Anne Esq",45 E Acacia Ct,Chicago,IL,60624
482,Jennie,Drymon,"Osborne, Michelle M Esq",63728 Poway Rd #1,Scranton,PA,18509
483,Mitsue,Scipione,Students In Free Entrprs Natl,77 222 Dr,Oroville,CA,95965
484,Ciara,Ventura,"Johnson, Robert M Esq",53 W Carey St,Port Jervis,NY,12771
485,Galen,Cantres,Del Charro Apartments,617 Nw 36th Ave,Brook Park,OH,44142
486,Truman,Feichtner,Legal Search Inc,539 Coldwater Canyon Ave,Bloomfield,NJ,07003
487,Gail,Kitty,Service Supply Co Inc,735 Crawford Dr,Anchorage,AK,99501
488,Dalene,Schoeneck,"Sameshima, Douglas J Esq",910 Rahway Ave,Philadelphia,PA,19102
489,Gertude,Witten,"Thompson, John Randolph Jr",7 Tarrytown Rd,Cincinnati,OH,45217
490,Lizbeth,Kohl,E T Balancing Co Inc,35433 Blake St #588,Gardena,CA,90248
491,Glenn,Berray,"Griswold, John E Esq",29 Cherry St #7073,Des Moines,IA,50315
492,Lashandra,Klang,Acqua Group,810 N La Brea Ave,King of Prussia,PA,19406
493,Lenna,Newville,"Brooks, Morris J Jr",987 Main St,Raleigh,NC,27601
494,Laurel,Pagliuca,Printing Images Corp,36 Enterprise St Se,Richland,WA,99352
495,Mireya,Frerking,Roberts Supply Co Inc,8429 Miller Rd,Pelham,NY,10803
496,Annelle,Tagala,Vico Products Mfg Co,5 W 7th St,Parkville,MD,21234
497,Dean,Ketelsen,J M Custom Design Millwork,2 Flynn Rd,Hicksville,NY,11801
498,Levi,Munis,Farrell & Johnson Office Equip,2094 Ne 36th Ave,Worcester,MA,01603
499,Sylvie,Ryser,Millers Market & Deli,649 Tulane Ave,Tulsa,OK,74105
500,Sharee,Maile,Holiday Inn Naperville,2094 Montour Blvd,Muskegon,MI,49442
501,Cordelia,Storment,,393 Hammond Dr,Lafayette,LA,70506
502,Mollie,Mcdoniel,Dock Seal Specialty,8590 Lake Lizzie Dr,Bowling Green,OH,43402
503,Brett,Mccullan,Five Star Limousines Of Tx Inc,87895 Concord Rd,La Mesa,CA,91942
504,Teddy,Pedrozo,"Barkan, Neal J Esq",46314 Route 130,Bridgeport,CT,06610
505,Tasia,Andreason,"Campbell, Robert A",4 Cowesett Ave,Kearny,NJ,07032
506,Hubert,Walthall,"Dee, Deanna",95 Main Ave #2,Barberton,OH,44203
507,Arthur,Farrow,"Young, Timothy L Esq",28 S 7th St #2824,Englewood,NJ,07631
508,Vilma,Berlanga,"Wells, D Fred Esq",79 S Howell Ave,Grand Rapids,MI,49546
509,Billye,Miro,"Gray, Francine H Esq",36 Lancaster Dr Se,Pearl,MS,39208
510,Glenna,Slayton,Toledo Iv Care,2759 Livingston Ave,Memphis,TN,38118
511,Mitzie,Hudnall,Cangro Transmission Co,17 Jersey Ave,Englewood,CO,80110
512,Bernardine,Rodefer,Sat Poly Inc,2 W Grand Ave,Memphis,TN,38112
513,Staci,Schmaltz,Midwest Contracting & Mfg Inc,18 Coronado Ave #563,Pasadena,CA,91106
514,Nichelle,Meteer,Print Doctor,72 Beechwood Ter,Chicago,IL,60657
515,Janine,Rhoden,Nordic Group Inc,92 Broadway,Astoria,NY,11103
516,Ettie,Hoopengardner,Jackson Millwork Co,39 Franklin Ave,Richland,WA,99352
517,Eden,Jayson,Harris Corporation,4 Iwaena St,Baltimore,MD,21202
518,Lynelle,Auber,United Cerebral Palsy Of Ne Pa,32820 Corkwood Rd,Newark,NJ,07104
519,Merissa,Tomblin,One Day Surgery Center Inc,34 Raritan Center Pky,Bellflower,CA,90706
520,Golda,Kaniecki,Calaveras Prospect,6201 S Nevada Ave,Toms River,NJ,08755
521,Catarina,Gleich,"Terk, Robert E Esq",78 Maryland Dr #146,Denville,NJ,07834
522,Virgie,Kiel,"Cullen, Terrence P Esq",76598 Rd  I 95 #1,Denver,CO,80216
523,Jolene,Ostolaza,Central Die Casting Mfg Co Inc,1610 14th St Nw,Newport News,VA,23608
524,Keneth,Borgman,Centerline Engineering,86350 Roszel Rd,Phoenix,AZ,85012
525,Rikki,Nayar,Targan & Kievit Pa,1644 Clove Rd,Miami,FL,33155
526,Elke,Sengbusch,Riley Riper Hollin & Colagreco,9 W Central Ave,Phoenix,AZ,85013
527,Hoa,Sarao,"Kaplan, Joel S Esq",27846 Lafayette Ave,Oak Hill,FL,32759
528,Trinidad,Mcrae,Water Office,10276 Brooks St,San Francisco,CA,94105
529,Mari,Lueckenbach,"Westbrooks, Nelson E Jr",1 Century Park E,San Diego,CA,92110
530,Selma,Husser,Armon Communications,9 State Highway 57 #22,Jersey City,NJ,07306
531,Antione,Onofrio,Jacobs & Gerber Inc,4 S Washington Ave,San Bernardino,CA,92410
532,Luisa,Jurney,Forest Fire Laboratory,25 Se 176th Pl,Cambridge,MA,02138
533,Clorinda,Heimann,"Haughey, Charles Jr",105 Richmond Valley Rd,Escondido,CA,92025
534,Dick,Wenzinger,Wheaton Plastic Products,22 Spruce St #595,Gardena,CA,90248
535,Ahmed,Angalich,Reese Plastics,2 W Beverly Blvd,Harrisburg,PA,17110
536,Iluminada,Ohms,Nazette Marner Good Wendt,72 Southern Blvd,Mesa,AZ,85204
537,Joanna,Leinenbach,Levinson Axelrod Wheaton,1 Washington St,Lake Worth,FL,33461
538,Caprice,Suell,"Egnor, W Dan Esq",90177 N 55th Ave,Nashville,TN,37211
539,Stephane,Myricks,Portland Central Thriftlodge,9 Tower Ave,Burlington,KY,41005
540,Quentin,Swayze,Ulbrich Trucking,278 Bayview Ave,Milan,MI,48160
541,Annmarie,Castros,Tipiak Inc,80312 W 32nd St,Conroe,TX,77301
542,Shonda,Greenbush,Saint George Well Drilling,82 Us Highway 46,Clifton,NJ,07011
543,Cecil,Lapage,"Hawkes, Douglas D",4 Stovall St #72,Union City,NJ,07087
544,Jeanice,Claucherty,Accurel Systems Intrntl Corp,19 Amboy Ave,Miami,FL,33142
545,Josphine,Villanueva,Santa Cruz Community Internet,63 Smith Ln #8343,Moss,TN,38575
546,Daniel,Perruzza,Gersh & Danielson,11360 S Halsted St,Santa Ana,CA,92705
547,Cassi,Wildfong,"Cobb, James O Esq",26849 Jefferson Hwy,Rolling Meadows,IL,60008
548,Britt,Galam,Wheatley Trucking Company,2500 Pringle Rd Se #508,Hatfield,PA,19440
549,Adell,Lipkin,Systems Graph Inc Ab Dick Dlr,65 Mountain View Dr,Whippany,NJ,07981
550,Jacqueline,Rowling,John Hancock Mutl Life Ins Co,1 N San Saba,Erie,PA,16501
551,Lonny,Weglarz,History Division Of State,51120 State Route 18,Salt Lake City,UT,84115
552,Lonna,Diestel,"Dimmock, Thomas J Esq",1482 College Ave,Fayetteville,NC,28301
553,Cristal,Samara,Intermed Inc,4119 Metropolitan Dr,Los Angeles,CA,90021
554,Kenneth,Grenet,Bank Of New York,2167 Sierra Rd,East Lansing,MI,48823
555,Elli,Mclaird,Sportmaster Intrnatl,6 Sunrise Ave,Utica,NY,13501
556,Alline,Jeanty,W W John Holden Inc,55713 Lake City Hwy,South Bend,IN,46601
557,Sharika,Eanes,Maccani & Delp,75698 N Fiesta Blvd,Orlando,FL,32806
558,Nu,Mcnease,Amazonia Film Project,88 Sw 28th Ter,Harrison,NJ,07029
559,Daniela,Comnick,Water & Sewer Department,7 Flowers Rd #403,Trenton,NJ,08611
560,Cecilia,Colaizzo,Switchcraft Inc,4 Nw 12th St #3849,Madison,WI,53717
561,Leslie,Threets,C W D C Metal Fabricators,2 A Kelley Dr,Katonah,NY,10536
562,Nan,Koppinger,"Shimotani, Grace T",88827 Frankford Ave,Greensboro,NC,27401
563,Izetta,Dewar,"Lisatoni, Jean Esq",2 W Scyene Rd #3,Baltimore,MD,21217
564,Tegan,Arceo,Ceramic Tile Sales Inc,62260 Park Stre,Monroe Township,NJ,08831
565,Ruthann,Keener,Maiden Craft Inc,3424 29th St Se,Kerrville,TX,78028
566,Joni,Breland,Carriage House Cllsn Rpr Inc,35 E Main St #43,Elk Grove Village,IL,60007
567,Vi,Rentfro,Video Workshop,7163 W Clark Rd,Freehold,NJ,07728
568,Colette,Kardas,Fresno Tile Center Inc,21575 S Apple Creek Rd,Omaha,NE,68124
569,Malcolm,Tromblay,Versatile Sash & Woodwork,747 Leonis Blvd,Annandale,VA,22003
570,Ryan,Harnos,Warner Electric Brk & Cltch Co,13 Gunnison St,Plano,TX,75075
571,Jess,Chaffins,New York Public Library,18 3rd Ave,New York,NY,10016
572,Sharen,Bourbon,"Mccaleb, John A Esq",62 W Austin St,Syosset,NY,11791
573,Nickolas,Juvera,United Oil Co Inc,177 S Rider Trl #52,Crystal River,FL,34429
574,Gary,Nunlee,Irving Foot Center,2 W Mount Royal Ave,Fortville,IN,46040
575,Diane,Devreese,Acme Supply Co,1953 Telegraph Rd,Saint Joseph,MO,64504
576,Roslyn,Chavous,"Mcrae, James L",63517 Dupont St,Jackson,MS,39211
577,Glory,Schieler,Mcgraths Seafood,5 E Truman Rd,Abilene,TX,79602
578,Rasheeda,Sayaphon,"Kummerer, J Michael Esq",251 Park Ave #979,Saratoga,CA,95070
579,Alpha,Palaia,"Stoffer, James M Jr",43496 Commercial Dr #29,Cherry Hill,NJ,08003
580,Refugia,Jacobos,North Central Fl Sfty Cncl,2184 Worth St,Hayward,CA,94545
581,Shawnda,Yori,Fiorucci Foods Usa Inc,50126 N Plankinton Ave,Longwood,FL,32750
582,Mona,Delasancha,Sign All,38773 Gravois Ave,Cheyenne,WY,82001
583,Gilma,Liukko,Sammys Steak Den,16452 Greenwich St,Garden City,NY,11530
584,Janey,Gabisi,"Dobscha, Stephen F Esq",40 Cambridge Ave,Madison,WI,53715
585,Lili,Paskin,Morgan Custom Homes,20113 4th Ave E,Kearny,NJ,07032
586,Loren,Asar,Olsen Payne & Company,6 Ridgewood Center Dr,Old Forge,PA,18518
587,Dorothy,Chesterfield,Cowan & Kelly,469 Outwater Ln,San Diego,CA,92126
588,Gail,Similton,,62 Monroe St,Thousand Palms,CA,92276
589,Catalina,Tillotson,Icn Pharmaceuticals Inc,3338 A Lockport Pl #6,Margate City,NJ,08402
590,Lawrence,Lorens,New England Sec Equip Co Inc,9 Hwy,Providence,RI,02906
591,Carlee,Boulter,"Tippett, Troy M Ii",8284 Hart St,Abilene,KS,67410
592,Thaddeus,Ankeny,Atc Contracting,5 Washington St #1,Roseville,CA,95678
593,Jovita,Oles,,8 S Haven St,Daytona Beach,FL,32114
594,Alesia,Hixenbaugh,Kwikprint,9 Front St,Washington,DC,20001
595,Lai,Harabedian,Buergi & Madden Scale,1933 Packer Ave #2,Novato,CA,94945
596,Brittni,Gillaspie,Inner Label,67 Rv Cent,Boise,ID,83709
597,Raylene,Kampa,Hermar Inc,2 Sw Nyberg Rd,Elkhart,IN,46514
598,Flo,Bookamer,Simonton Howe & Schneider Pc,89992 E 15th St,Alliance,NE,69301
599,Jani,Biddy,Warehouse Office & Paper Prod,61556 W 20th Ave,Seattle,WA,98104
600,Chauncey,Motley,Affiliated With Travelodge,63 E Aurora Dr,Orlando,FL,32804
